Nombre,URL
1UP,https://liquipedia.net/rainbowsix/1UPeSport
1UPeSport,https://liquipedia.net/rainbowsix/1UPeSport
A1iv3e,https://liquipedia.net/rainbowsix/A1iv3e
AST,https://liquipedia.net/rainbowsix/Astralis
A_Joker_619,https://liquipedia.net/rainbowsix/Joker619
Abreu,https://liquipedia.net/rainbowsix/Abreu
Absurdo,https://liquipedia.net/rainbowsix/Absurdo
AcademiK,https://liquipedia.net/rainbowsix/AcademiK
AceeZ,https://liquipedia.net/rainbowsix/AceeZ
Acez,https://liquipedia.net/rainbowsix/Acez
Achieved,https://liquipedia.net/rainbowsix/Achieved
Adam,https://liquipedia.net/rainbowsix/Adam
Adrian,https://liquipedia.net/rainbowsix/Adrian
Akibeel,https://liquipedia.net/rainbowsix/Akibeel
Alem4o,https://liquipedia.net/rainbowsix/Alem4o
Alive,https://liquipedia.net/rainbowsix/Alive
Alo,https://liquipedia.net/rainbowsix/Alo
Alphama,https://liquipedia.net/rainbowsix/Alphama
Always,https://liquipedia.net/rainbowsix/Always
Ambi,https://liquipedia.net/rainbowsix/Ambi
AnGryX,https://liquipedia.net/rainbowsix/AnGryX
Anarchic,https://liquipedia.net/rainbowsix/Anarchic
Andreezy,https://liquipedia.net/rainbowsix/Andreezy
Anitun,https://liquipedia.net/rainbowsix/Anitun
Aokayu,https://liquipedia.net/rainbowsix/Aokayu
Ape,https://liquipedia.net/rainbowsix/Ape
Aqui,https://liquipedia.net/rainbowsix/Aqui
Ar7hr,https://liquipedia.net/rainbowsix/Ar7hr
Ar7hur,https://liquipedia.net/rainbowsix/Ar7hur
ArcherOmix,https://liquipedia.net/rainbowsix/ArcherOmix
Arcully,https://liquipedia.net/rainbowsix/Arcully
Aroer1na,https://liquipedia.net/rainbowsix/Aroer1na
Arukaze,https://liquipedia.net/rainbowsix/Arukaze
AsK,https://liquipedia.net/rainbowsix/AsK
Asa,https://liquipedia.net/rainbowsix/Asa
Ashn,https://liquipedia.net/rainbowsix/Ashn
Asia,https://liquipedia.net/rainbowsix/Esports_World_Cup/2024/Asia/Closed_Qualifier
Asphy,https://liquipedia.net/rainbowsix/Asphy
Astralis,https://liquipedia.net/rainbowsix/Astralis
Astro,https://liquipedia.net/rainbowsix/Astro
AtlaS,https://liquipedia.net/rainbowsix/AtlaS
Atom,https://liquipedia.net/rainbowsix/Atom
Avian,https://liquipedia.net/rainbowsix/Avian
Awakenz,https://liquipedia.net/rainbowsix/Awakenz
Ayagator,https://liquipedia.net/rainbowsix/Ayagator
Azzr,https://liquipedia.net/rainbowsix/Azzr
BC,https://liquipedia.net/rainbowsix/BC
BD,https://liquipedia.net/rainbowsix/Black_Dragons_e-Sports
BGMan,https://liquipedia.net/rainbowsix/BGMan
BKN,https://liquipedia.net/rainbowsix/BKN
BOB,https://liquipedia.net/rainbowsix/BOB
BZ,https://liquipedia.net/rainbowsix/BZ
Bae,https://liquipedia.net/rainbowsix/Bae
Bagel,https://liquipedia.net/rainbowsix/Bagel
Baifern,https://liquipedia.net/rainbowsix/Baifern
BakaBryan,https://liquipedia.net/rainbowsix/BakaBryan
Bank,https://liquipedia.net/rainbowsix/Bank
BarcodeOP,https://liquipedia.net/rainbowsix/BarcodeOP
Bassetto,https://liquipedia.net/rainbowsix/Bassetto
Basthian,https://liquipedia.net/rainbowsix/Basthian
Beastly,https://liquipedia.net/rainbowsix/Beastly
Beaulo,https://liquipedia.net/rainbowsix/Beaulo
Beeno,https://liquipedia.net/rainbowsix/Beeno
Benjamaster,https://liquipedia.net/rainbowsix/Benjamaster
Benji,https://liquipedia.net/rainbowsix/Benji_(Benjamin_Butler)
Benjimoola,https://liquipedia.net/rainbowsix/Benjimoola
Bernie,https://liquipedia.net/rainbowsix/Bernie
Bersa,https://liquipedia.net/rainbowsix/Bersa
BiBoo,https://liquipedia.net/rainbowsix/BiBoo
BiOs,https://liquipedia.net/rainbowsix/BiOs
BlaZ,https://liquipedia.net/rainbowsix/BlaZ
BlackRay,https://liquipedia.net/rainbowsix/BlackRay
Blainey,https://liquipedia.net/rainbowsix/Blainey
Blueno4ronandes,https://liquipedia.net/rainbowsix/Blueno4ronandes
Blurr,https://liquipedia.net/rainbowsix/Blurr
Booshie,https://liquipedia.net/rainbowsix/Booshie
Border,https://liquipedia.net/rainbowsix/Border
Bosco,https://liquipedia.net/rainbowsix/Bosco
Bouncinballz,https://liquipedia.net/rainbowsix/Bouncinballz
Bounssi,https://liquipedia.net/rainbowsix/Bounssi
Boydy,https://liquipedia.net/rainbowsix/Boydy
Brazil,https://liquipedia.net/rainbowsix/Esports_World_Cup/2024/Brazil/Closed_Qualifier
Brendo,https://liquipedia.net/rainbowsix/Brendo
BriD,https://liquipedia.net/rainbowsix/BriD
BruceZz,https://liquipedia.net/rainbowsix/BruceZz
Bryan,https://liquipedia.net/rainbowsix/Bryan
Budega,https://liquipedia.net/rainbowsix/Budega
Buflex,https://liquipedia.net/rainbowsix/Buflex
C9,https://liquipedia.net/rainbowsix/Cloud9
CAG,https://liquipedia.net/rainbowsix/CAG_Osaka
CATsang,https://liquipedia.net/rainbowsix/CATsang
CLG,https://liquipedia.net/rainbowsix/Counter_Logic_Gaming
CTZN,https://liquipedia.net/rainbowsix/CTZN
Caff,https://liquipedia.net/rainbowsix/Caff
Callout,https://liquipedia.net/rainbowsix/Callout
Canadian,https://liquipedia.net/rainbowsix/Canadian
Caneo,https://liquipedia.net/rainbowsix/Caneo
Catwo,https://liquipedia.net/rainbowsix/Catwo
Chala,https://liquipedia.net/rainbowsix/Chala
Chalet,https://liquipedia.net/rainbowsix/Chalet
Chapstick,https://liquipedia.net/rainbowsix/Chapstick
CherrySwind,https://liquipedia.net/rainbowsix/CherrySwind
Cherrygumms,https://liquipedia.net/rainbowsix/Cherrygumms
Chibisu,https://liquipedia.net/rainbowsix/Chibisu
Clipe,https://liquipedia.net/rainbowsix/Clipe
Cloud,https://liquipedia.net/rainbowsix/Cloud
Cloud9,https://liquipedia.net/rainbowsix/Cloud9
Clubhouse,https://liquipedia.net/rainbowsix/Clubhouse
Coastline,https://liquipedia.net/rainbowsix/Coastline
Consulate,https://liquipedia.net/rainbowsix/Consulate
Crapelle,https://liquipedia.net/rainbowsix/Crapelle
CrazyPapiyoN,https://liquipedia.net/rainbowsix/CrazyPapiyoN
Creedz,https://liquipedia.net/rainbowsix/Creedz
Crown,https://liquipedia.net/rainbowsix/Crown
Cry1NNN,https://liquipedia.net/rainbowsix/Cryn
Cyb3r,https://liquipedia.net/rainbowsix/Cyber
Cyber,https://liquipedia.net/rainbowsix/Cyber
D1OGO1,https://liquipedia.net/rainbowsix/D1OGO1
DCH,https://liquipedia.net/rainbowsix/DCH
DD,https://liquipedia.net/rainbowsix/DD
DEADSHT,https://liquipedia.net/rainbowsix/DEADSHT
DK,https://liquipedia.net/rainbowsix/DAMWON_Gaming
DZ,https://liquipedia.net/rainbowsix/DarkZero_Esports
Daeda,https://liquipedia.net/rainbowsix/Daeda
Daffodil,https://liquipedia.net/rainbowsix/Daffodil
Daling,https://liquipedia.net/rainbowsix/Daling
Dann,https://liquipedia.net/rainbowsix/Dann
Dante7,https://liquipedia.net/rainbowsix/Dante7
DarkZero,https://liquipedia.net/rainbowsix/DarkZero
Darkk,https://liquipedia.net/rainbowsix/Darkk
Dash,https://liquipedia.net/rainbowsix/D4sh
Deapek,https://liquipedia.net/rainbowsix/Deapek
Demic,https://liquipedia.net/rainbowsix/Demic
Derpeh,https://liquipedia.net/rainbowsix/Derpeh
Dexter,https://liquipedia.net/rainbowsix/Dexter
Dgtl,https://liquipedia.net/rainbowsix/Dgtl
DiasLucasBr,https://liquipedia.net/rainbowsix/DiasLucasBr
Diesel,https://liquipedia.net/rainbowsix/Diesel
Dino,https://liquipedia.net/rainbowsix/Dino
Dispa,https://liquipedia.net/rainbowsix/Dispa
Dizzle,https://liquipedia.net/rainbowsix/Dizzle
DnA,https://liquipedia.net/rainbowsix/DnA
Dodez,https://liquipedia.net/rainbowsix/Dodez
Dohoon,https://liquipedia.net/rainbowsix/Dohoon
Doki,https://liquipedia.net/rainbowsix/Doki
DomeDominic,https://liquipedia.net/rainbowsix/DomeDominic
DongUk,https://liquipedia.net/rainbowsix/DongUk
Dotz,https://liquipedia.net/rainbowsix/Dotz
Dov2hkiin,https://liquipedia.net/rainbowsix/Dov2hkiin
Dpfire,https://liquipedia.net/rainbowsix/Dpfire
Dplus,https://liquipedia.net/rainbowsix/Dplus
Dr.Bestsiaer,https://liquipedia.net/rainbowsix/Dr.Bestsiaer
DraZ,https://liquipedia.net/rainbowsix/DraZ
Draw,https://liquipedia.net/rainbowsix/Draw
Drax,https://liquipedia.net/rainbowsix/Drax
Dream,https://liquipedia.net/rainbowsix/Dream
DrewSpark,https://liquipedia.net/rainbowsix/DrewSpark
DriD,https://liquipedia.net/rainbowsix/DriD
Dxrk,https://liquipedia.net/rainbowsix/Dxrk
EG,https://liquipedia.net/rainbowsix/Evil_Geniuses
ELV,https://liquipedia.net/rainbowsix/Elevate
ENCE,https://liquipedia.net/rainbowsix/ENCE_eSports
Easilyy,https://liquipedia.net/rainbowsix/Easilyy
Ecl9pse,https://liquipedia.net/rainbowsix/Ecl9pse
Eclair,https://liquipedia.net/rainbowsix/Eclair
Ed,https://liquipedia.net/rainbowsix/Ed
Eddy,https://liquipedia.net/rainbowsix/Eddy
Eden,https://liquipedia.net/rainbowsix/Eden
Elchabo,https://liquipedia.net/rainbowsix/Elchabo
Elemzje,https://liquipedia.net/rainbowsix/Elemzje
Elevate,https://liquipedia.net/rainbowsix/Elevate
EmoRin,https://liquipedia.net/rainbowsix/EmoRin
Empttz,https://liquipedia.net/rainbowsix/Empttz
Enemy,https://liquipedia.net/rainbowsix/Enemy
England,https://liquipedia.net/rainbowsix/England
EnvyTaylor,https://liquipedia.net/rainbowsix/EnvyTaylor
EroSA,https://liquipedia.net/rainbowsix/EroSA
Eskaa,https://liquipedia.net/rainbowsix/Eskaa
Ethan,https://liquipedia.net/rainbowsix/Ethan
EudinhoF,https://liquipedia.net/rainbowsix/EudinhoF
EunSang,https://liquipedia.net/rainbowsix/EunSang
Euphoria,https://liquipedia.net/rainbowsix/Euphoria
Europe,https://liquipedia.net/rainbowsix/Six_Invitational/2019/Europe
FNC,https://liquipedia.net/rainbowsix/Fnatic
FURIA,https://liquipedia.net/rainbowsix/FURIA_Esports
FURY,https://liquipedia.net/rainbowsix/FURY
FaZe,https://liquipedia.net/rainbowsix/FaZe_Clan
Faallz,https://liquipedia.net/rainbowsix/Faallz
Fabian,https://liquipedia.net/rainbowsix/Fabian
Fabien,https://liquipedia.net/rainbowsix/Fabien
Falko,https://liquipedia.net/rainbowsix/Falko
Fanxy,https://liquipedia.net/rainbowsix/Fanxy
FearX,https://liquipedia.net/rainbowsix/FearX
FelipoX,https://liquipedia.net/rainbowsix/FelipoX
Ferral,https://liquipedia.net/rainbowsix/Ferral
Fettuccine,https://liquipedia.net/rainbowsix/Fettuccine
FishLike,https://liquipedia.net/rainbowsix/FishLike
Fishoguy,https://liquipedia.net/rainbowsix/Fishoguy
Flastry,https://liquipedia.net/rainbowsix/Flastry
Florio,https://liquipedia.net/rainbowsix/Florio
Fluorezent,https://liquipedia.net/rainbowsix/Fluorezent
Fluxx,https://liquipedia.net/rainbowsix/Fluxx
Fnatic,https://liquipedia.net/rainbowsix/Fnatic
Fntzy,https://liquipedia.net/rainbowsix/Fntzy
Fonkers,https://liquipedia.net/rainbowsix/Fonkers
Forceful,https://liquipedia.net/rainbowsix/Forceful
Forrest,https://liquipedia.net/rainbowsix/Forrest
FoxA,https://liquipedia.net/rainbowsix/FoxA
Frenchi,https://liquipedia.net/rainbowsix/Frenchi
Frenchy,https://liquipedia.net/rainbowsix/Frenchy
Freq,https://liquipedia.net/rainbowsix/Freq
Fresh,https://liquipedia.net/rainbowsix/Fresh
Froshii,https://liquipedia.net/rainbowsix/Froshii
Fuji3,https://liquipedia.net/rainbowsix/Fuji3
Fultz,https://liquipedia.net/rainbowsix/Fultz
FuriouSG,https://liquipedia.net/rainbowsix/FuriouSG
G2,https://liquipedia.net/rainbowsix/G2_Esports
GK,https://liquipedia.net/rainbowsix/Geekay_Esports
GMZ,https://liquipedia.net/rainbowsix/GMZ
GU1LZ,https://liquipedia.net/rainbowsix/GU1LZ
Gasher,https://liquipedia.net/rainbowsix/Gasher
Gaspro,https://liquipedia.net/rainbowsix/Gaspro
Gaveni,https://liquipedia.net/rainbowsix/Gaveni
GdNN1,https://liquipedia.net/rainbowsix/GdNN1
GeRe,https://liquipedia.net/rainbowsix/GeRe
Gemini,https://liquipedia.net/rainbowsix/Gemini
Geometrics,https://liquipedia.net/rainbowsix/Geometrics
Geoometrics,https://liquipedia.net/rainbowsix/Geoometrics
Geree,https://liquipedia.net/rainbowsix/Geree
Ghostie,https://liquipedia.net/rainbowsix/Ghostie_(UK)
GiG,https://liquipedia.net/rainbowsix/GiG
Gio,https://liquipedia.net/rainbowsix/Giovanni
Gity,https://liquipedia.net/rainbowsix/Gity
GodLeg1on,https://liquipedia.net/rainbowsix/GodLeg1on
Goddess,https://liquipedia.net/rainbowsix/Goddess
Goga,https://liquipedia.net/rainbowsix/Goga
Golden,https://liquipedia.net/rainbowsix/Golden
GoodBoy,https://liquipedia.net/rainbowsix/GoodBoy
Gordaime,https://liquipedia.net/rainbowsix/Gordaime
GorgoNa,https://liquipedia.net/rainbowsix/GorgoNa
Gotcha,https://liquipedia.net/rainbowsix/Gotcha
Gotti,https://liquipedia.net/rainbowsix/Gotti
Grant,https://liquipedia.net/rainbowsix/Grant
Grizzly,https://liquipedia.net/rainbowsix/Grizzly
Gruby,https://liquipedia.net/rainbowsix/Gruby
Gryxr,https://liquipedia.net/rainbowsix/Gryxr
Gsla,https://liquipedia.net/rainbowsix/Gsla
Guard,https://liquipedia.net/rainbowsix/Guard
Guardz,https://liquipedia.net/rainbowsix/Guardz
Guerra,https://liquipedia.net/rainbowsix/Guerra
Guicho,https://liquipedia.net/rainbowsix/Guicho
Guille,https://liquipedia.net/rainbowsix/Guille
Gunnar,https://liquipedia.net/rainbowsix/Gunnar
GurmyWormy,https://liquipedia.net/rainbowsix/GurmyWormy
Guto,https://liquipedia.net/rainbowsix/Guto
H4skk,https://liquipedia.net/rainbowsix/H4skk
HARAM3E.,https://liquipedia.net/rainbowsix/HARAM3E.
HOP3Z,https://liquipedia.net/rainbowsix/HOP3Z
HSnamuringa,https://liquipedia.net/rainbowsix/HSnamuringa
Hajime,https://liquipedia.net/rainbowsix/Hajime
Handyy,https://liquipedia.net/rainbowsix/Handyy
Harp3r,https://liquipedia.net/rainbowsix/Harp3rXD
Harp3rXD,https://liquipedia.net/rainbowsix/Harp3rXD
Hashom,https://liquipedia.net/rainbowsix/Hashom
Hat,https://liquipedia.net/rainbowsix/Hat
Hayward,https://liquipedia.net/rainbowsix/Hayward
Heaavens,https://liquipedia.net/rainbowsix/Heaavens
HealthcareOG,https://liquipedia.net/rainbowsix/HealthcareOG
Helbee,https://liquipedia.net/rainbowsix/Helbee
Hell,https://liquipedia.net/rainbowsix/Hell
Hellraiser,https://liquipedia.net/rainbowsix/Hellraiser
HerdsZ,https://liquipedia.net/rainbowsix/HerdsZ
Hermosa,https://liquipedia.net/rainbowsix/Hermosa
Heroic,https://liquipedia.net/rainbowsix/Heroic
Hicks,https://liquipedia.net/rainbowsix/Hicks
Histoire,https://liquipedia.net/rainbowsix/Histoire
Hornetao,https://liquipedia.net/rainbowsix/Hornetao
Hotancold,https://liquipedia.net/rainbowsix/Hotancold
HoundBird,https://liquipedia.net/rainbowsix/HoundBird
Hovenherst,https://liquipedia.net/rainbowsix/Hovenherst
Hungry,https://liquipedia.net/rainbowsix/Hungry
Hxnteer,https://liquipedia.net/rainbowsix/Hxnteer
Hybrid,https://liquipedia.net/rainbowsix/Hybrid
Hyper,https://liquipedia.net/rainbowsix/Hyper
HysteRiX,https://liquipedia.net/rainbowsix/HysteRiX
IMT,https://liquipedia.net/rainbowsix/Immortals
Immortals,https://liquipedia.net/rainbowsix/Immortals
IntacT,https://liquipedia.net/rainbowsix/IntacT
Ivan,https://liquipedia.net/rainbowsix/Ivan
J9O,https://liquipedia.net/rainbowsix/J9O
JJ,https://liquipedia.net/rainbowsix/JJ
JLT,https://liquipedia.net/rainbowsix/JLT
JP,https://liquipedia.net/rainbowsix/JP_(Brazilian_Coach)
JackyWu,https://liquipedia.net/rainbowsix/JackyWu
Jak2oO,https://liquipedia.net/rainbowsix/Jak2oO
Jaksu,https://liquipedia.net/rainbowsix/Jaksu
Japan,https://liquipedia.net/rainbowsix/Esports_World_Cup/2024/Japan/Closed_Qualifier
Jarvis,https://liquipedia.net/rainbowsix/Jarvis
Javelin,https://liquipedia.net/rainbowsix/Javelin
Jay,https://liquipedia.net/rainbowsix/Jay
Jayxrs,https://liquipedia.net/rainbowsix/Jayxrs
Jeggz,https://liquipedia.net/rainbowsix/Jeggz
Jess,https://liquipedia.net/rainbowsix/Jess
Jigsaw,https://liquipedia.net/rainbowsix/Jigsaw
Jlad,https://liquipedia.net/rainbowsix/Jlad
Jo,https://liquipedia.net/rainbowsix/Jo
Joe,https://liquipedia.net/rainbowsix/Joe
Joghurtzz,https://liquipedia.net/rainbowsix/Joghurtzz
Jok3r,https://liquipedia.net/rainbowsix/Jok3r
Joker619,https://liquipedia.net/rainbowsix/Joker619
Jonka,https://liquipedia.net/rainbowsix/Jonka
JoyStiCK,https://liquipedia.net/rainbowsix/JoyStiCK
Jsh,https://liquipedia.net/rainbowsix/Jsh
Juicy,https://liquipedia.net/rainbowsix/Juicy
Julio,https://liquipedia.net/rainbowsix/Julio
Justin,https://liquipedia.net/rainbowsix/Justin
Jv92,https://liquipedia.net/rainbowsix/Jv92
KDS,https://liquipedia.net/rainbowsix/KDS
KOI,https://liquipedia.net/rainbowsix/KOI
KS,https://liquipedia.net/rainbowsix/KS
KYON,https://liquipedia.net/rainbowsix/KYON
KaMa,https://liquipedia.net/rainbowsix/KaMa
Kaktus,https://liquipedia.net/rainbowsix/Kaktus
KalKal,https://liquipedia.net/rainbowsix/KalKal
Kamikaze,https://liquipedia.net/rainbowsix/Kamikaze
KangruKenny,https://liquipedia.net/rainbowsix/KangruKenny
Kanine,https://liquipedia.net/rainbowsix/Kanine
Kantoraketti,https://liquipedia.net/rainbowsix/Kantoraketti
Karu,https://liquipedia.net/rainbowsix/Karu
KataVACE,https://liquipedia.net/rainbowsix/KataVACE
Kawa,https://liquipedia.net/rainbowsix/Kawa
Kayak,https://liquipedia.net/rainbowsix/Kayak
Keenan,https://liquipedia.net/rainbowsix/Keenan
Kendrew,https://liquipedia.net/rainbowsix/Kendrew
Kento,https://liquipedia.net/rainbowsix/Kento
KhaZiX,https://liquipedia.net/rainbowsix/KhaZiX
Kheyze,https://liquipedia.net/rainbowsix/Kheyze
KingGeorge,https://liquipedia.net/rainbowsix/KingGeorge
Kivvi,https://liquipedia.net/rainbowsix/Kivvi
Kixhro,https://liquipedia.net/rainbowsix/Kixhro
Kizi,https://liquipedia.net/rainbowsix/Kizi
Kngz,https://liquipedia.net/rainbowsix/Kngz
Knights,https://liquipedia.net/rainbowsix/Knights
Kobelax,https://liquipedia.net/rainbowsix/Kobelax
Koiju,https://liquipedia.net/rainbowsix/Koiju
KoolAid,https://liquipedia.net/rainbowsix/KoolAid
Korben,https://liquipedia.net/rainbowsix/Korben
Korey,https://liquipedia.net/rainbowsix/Korey
Kori,https://liquipedia.net/rainbowsix/Kori
KritJ,https://liquipedia.net/rainbowsix/KritJ
Krux,https://liquipedia.net/rainbowsix/Krux
Kyno,https://liquipedia.net/rainbowsix/Kyno
Kyro,https://liquipedia.net/rainbowsix/Kyro
L0BIN,https://liquipedia.net/rainbowsix/L0BIN
L1NK1N,https://liquipedia.net/rainbowsix/L1NK1N
L1m0n4d4,https://liquipedia.net/rainbowsix/L1m0n4d4
LATAM,https://liquipedia.net/rainbowsix/Esports_World_Cup/2024/LATAM/Closed_Qualifier
LENDA,https://liquipedia.net/rainbowsix/LENDA
LOS,https://liquipedia.net/rainbowsix/LOS_%2B_oNe
LOUD,https://liquipedia.net/rainbowsix/LOUD
LSE,https://liquipedia.net/rainbowsix/LeStream_Esport
LaXInG,https://liquipedia.net/rainbowsix/LaXInG
LabyRinth,https://liquipedia.net/rainbowsix/LabyRinth
Lacky,https://liquipedia.net/rainbowsix/Lacky
Lagonis,https://liquipedia.net/rainbowsix/Lagonis
Lair,https://liquipedia.net/rainbowsix/Lair
Lampago,https://liquipedia.net/rainbowsix/Lampago
Lanf3ust,https://liquipedia.net/rainbowsix/Lanf3ust
Lasmooo,https://liquipedia.net/rainbowsix/Lasmooo
Lazzo,https://liquipedia.net/rainbowsix/Lazzo
Leadr,https://liquipedia.net/rainbowsix/Leadr
Lend4,https://liquipedia.net/rainbowsix/Lend4
LeonGids,https://liquipedia.net/rainbowsix/LeonGids
Levy,https://liquipedia.net/rainbowsix/Levy
LikEfac,https://liquipedia.net/rainbowsix/LikEfac
LioN,https://liquipedia.net/rainbowsix/LioN
Liven,https://liquipedia.net/rainbowsix/Liven
Loira,https://liquipedia.net/rainbowsix/Loira
Lollo,https://liquipedia.net/rainbowsix/Lollo
LuA,https://liquipedia.net/rainbowsix/LuA
LuKid,https://liquipedia.net/rainbowsix/LuKid
Luke,https://liquipedia.net/rainbowsix/Luke
Lunarmetal,https://liquipedia.net/rainbowsix/Lunarmetal
Lusty,https://liquipedia.net/rainbowsix/Lusty
Lycan,https://liquipedia.net/rainbowsix/Lycan
Lycolis,https://liquipedia.net/rainbowsix/Lycolis
Lyloun,https://liquipedia.net/rainbowsix/Lyloun
M4niac,https://liquipedia.net/rainbowsix/M4niac
M80,https://liquipedia.net/rainbowsix/M80
MENA,https://liquipedia.net/rainbowsix/Esports_World_Cup/2024/MENA/Closed_Qualifier
MF,https://liquipedia.net/rainbowsix/Mindfreak
MIBR,https://liquipedia.net/rainbowsix/MIBR
MKERS,https://liquipedia.net/rainbowsix/MKERS
MKing,https://liquipedia.net/rainbowsix/MKing
MNM,https://liquipedia.net/rainbowsix/MNM_Gaming
MSSS,https://liquipedia.net/rainbowsix/MSSS
Maba,https://liquipedia.net/rainbowsix/Maba
MadDuckRanger,https://liquipedia.net/rainbowsix/MadDuckRanger
Madskills,https://liquipedia.net/rainbowsix/Madskills
Magnet,https://liquipedia.net/rainbowsix/Magnet
MahMan,https://liquipedia.net/rainbowsix/MahMan
Maia,https://liquipedia.net/rainbowsix/Maia
Mango,https://liquipedia.net/rainbowsix/Mango
Marine,https://liquipedia.net/rainbowsix/Marine
MarkTheShark,https://liquipedia.net/rainbowsix/Mark
Markshortboyz,https://liquipedia.net/rainbowsix/Markelelele
Martin2k,https://liquipedia.net/rainbowsix/Martin2k
Mcie,https://liquipedia.net/rainbowsix/Mcie
Mefisto,https://liquipedia.net/rainbowsix/Mefisto
Meloo,https://liquipedia.net/rainbowsix/Meloo
Melted,https://liquipedia.net/rainbowsix/Melted
MentalistC,https://liquipedia.net/rainbowsix/MentalistC
Mephi,https://liquipedia.net/rainbowsix/Mephi
Merc,https://liquipedia.net/rainbowsix/Merc
Merieux,https://liquipedia.net/rainbowsix/Merieux
Millenium,https://liquipedia.net/rainbowsix/Millenium
MinGoran,https://liquipedia.net/rainbowsix/MinGoran
Mindfreak,https://liquipedia.net/rainbowsix/Mindfreak
Mint,https://liquipedia.net/rainbowsix/Mint
Miracle,https://liquipedia.net/rainbowsix/Miracle
Mirage,https://liquipedia.net/rainbowsix/Mirage
Misa,https://liquipedia.net/rainbowsix/Misa
Mity,https://liquipedia.net/rainbowsix/Mity
Mock-it,https://liquipedia.net/rainbowsix/Mock-it_Esports
Mohamad,https://liquipedia.net/rainbowsix/Mohamad
Mohesse,https://liquipedia.net/rainbowsix/Mohesse
Moon,https://liquipedia.net/rainbowsix/Moon
Morphed,https://liquipedia.net/rainbowsix/Morphed
Mossy,https://liquipedia.net/rainbowsix/Mossy
Motumbo,https://liquipedia.net/rainbowsix/Motumbo
Mowwwgli,https://liquipedia.net/rainbowsix/Mowwwgli
MrPuncH,https://liquipedia.net/rainbowsix/MrPuncH
Mrofficer88,https://liquipedia.net/rainbowsix/Mrofficer88
Mrzll,https://liquipedia.net/rainbowsix/Romeo_(Brazilian_player)
Muebleitor,https://liquipedia.net/rainbowsix/Muebleitor
Mugusto,https://liquipedia.net/rainbowsix/Mugusto
Munrix,https://liquipedia.net/rainbowsix/Munrix
Muzi,https://liquipedia.net/rainbowsix/Muzi
N1LL,https://liquipedia.net/rainbowsix/N1LL
N1ghtEnd,https://liquipedia.net/rainbowsix/N1ghtEnd
NAVI,https://liquipedia.net/rainbowsix/Natus_Vincere
NIGO,https://liquipedia.net/rainbowsix/NIGO
NIP,https://liquipedia.net/rainbowsix/Ninjas_in_Pyjamas
Naate,https://liquipedia.net/rainbowsix/Naate
Nado,https://liquipedia.net/rainbowsix/Nado
Nafe,https://liquipedia.net/rainbowsix/Nafe
Nathan,https://liquipedia.net/rainbowsix/Nafe
Nay..Pew,https://liquipedia.net/rainbowsix/I9
Naza,https://liquipedia.net/rainbowsix/Naza
Necrox,https://liquipedia.net/rainbowsix/Necrox
Neilyo,https://liquipedia.net/rainbowsix/Neilyo
Neonical,https://liquipedia.net/rainbowsix/Neonical
NeophyteR,https://liquipedia.net/rainbowsix/NeophyteR
Neptunez,https://liquipedia.net/rainbowsix/Neptunez
Nerix,https://liquipedia.net/rainbowsix/Nerix
Nesk,https://liquipedia.net/rainbowsix/Nesk
Neskin,https://liquipedia.net/rainbowsix/Neskin
Nhaiqal,https://liquipedia.net/rainbowsix/Nhaiqal
Nikoh,https://liquipedia.net/rainbowsix/Nikoh
Nina,https://liquipedia.net/rainbowsix/Nina
NoaUrz,https://liquipedia.net/rainbowsix/NoaUrz
Norris,https://liquipedia.net/rainbowsix/Norris
Nova,https://liquipedia.net/rainbowsix/Nova
Novys,https://liquipedia.net/rainbowsix/Novys
Nuers,https://liquipedia.net/rainbowsix/Nuers
Nuxxga,https://liquipedia.net/rainbowsix/Nuxxga
Nyx,https://liquipedia.net/rainbowsix/Nyx
OF4LCoN,https://liquipedia.net/rainbowsix/OF4LCoN
OXG,https://liquipedia.net/rainbowsix/Oxygen_Esports
Oceania,https://liquipedia.net/rainbowsix/Esports_World_Cup/2024/Oceania/Closed_Qualifier
Odah,https://liquipedia.net/rainbowsix/Odah
OdeNMiso,https://liquipedia.net/rainbowsix/OdeNMiso
Odin,https://liquipedia.net/rainbowsix/Odin
OkOmEsH,https://liquipedia.net/rainbowsix/OkOmEsH
Olimpo,https://liquipedia.net/rainbowsix/Olimpo
Omerta,https://liquipedia.net/rainbowsix/Omerta
OniChan,https://liquipedia.net/rainbowsix/OniChan
Onigiri,https://liquipedia.net/rainbowsix/SprOnigiri
Oregon,https://liquipedia.net/rainbowsix/Oregon
OrgLess,https://liquipedia.net/rainbowsix/OrgLess_(German_team)
Oscr,https://liquipedia.net/rainbowsix/Oscr
P3NGU1N,https://liquipedia.net/rainbowsix/P3NGU1N
P4,https://liquipedia.net/rainbowsix/P4
P9,https://liquipedia.net/rainbowsix/P9_(Saudi_Arabia_Player)
PARAA,https://liquipedia.net/rainbowsix/PARAA
PENTA,https://liquipedia.net/rainbowsix/PENTA_Sports
PFernandes,https://liquipedia.net/rainbowsix/PFernandes
PJH,https://liquipedia.net/rainbowsix/PJH
PWN3F,https://liquipedia.net/rainbowsix/PWN3F
Packer,https://liquipedia.net/rainbowsix/Packer
Paluh,https://liquipedia.net/rainbowsix/Paluh
Panbazou,https://liquipedia.net/rainbowsix/Panbazou
Panico,https://liquipedia.net/rainbowsix/Panico
Panix,https://liquipedia.net/rainbowsix/Panix
Papilia,https://liquipedia.net/rainbowsix/Papilia
Parand1nha,https://liquipedia.net/rainbowsix/Parand1nha
Pat,https://liquipedia.net/rainbowsix/Pat_(Patrick_Wines)
Patoxy,https://liquipedia.net/rainbowsix/Patoxy
Pechito,https://liquipedia.net/rainbowsix/Pechito
Pedro,https://liquipedia.net/rainbowsix/Pedro
Pengu,https://liquipedia.net/rainbowsix/Pengu
Peres,https://liquipedia.net/rainbowsix/Peres
Pessima8,https://liquipedia.net/rainbowsix/Pessima8
Peter,https://liquipedia.net/rainbowsix/Peter
Phenomene,https://liquipedia.net/rainbowsix/Phenomene
Phish,https://liquipedia.net/rainbowsix/Phish
Phozzo,https://liquipedia.net/rainbowsix/Phozzo
Physicz,https://liquipedia.net/rainbowsix/Physicz
Pie,https://liquipedia.net/rainbowsix/Pie
Pikan,https://liquipedia.net/rainbowsix/Pikan
Pikniq,https://liquipedia.net/rainbowsix/Pikniq
Playxr,https://liquipedia.net/rainbowsix/Playxr
Pojoman,https://liquipedia.net/rainbowsix/Pojoman
Portela,https://liquipedia.net/rainbowsix/Portela
Prano,https://liquipedia.net/rainbowsix/Prano
ProtaX,https://liquipedia.net/rainbowsix/ProtaX
Psycho,https://liquipedia.net/rainbowsix/Psycho
Pubstomper,https://liquipedia.net/rainbowsix/Pubstomper
Pyon,https://liquipedia.net/rainbowsix/Pyon
Pyroxz,https://liquipedia.net/rainbowsix/Pyroxz
Pzzg0d,https://liquipedia.net/rainbowsix/Pzzg0d
Q6Z,https://liquipedia.net/rainbowsix/Q6z.
Q6z.,https://liquipedia.net/rainbowsix/Q6z.
Quantic,https://liquipedia.net/rainbowsix/Quantic
Quiz,https://liquipedia.net/rainbowsix/Quiz
R4re,https://liquipedia.net/rainbowsix/R4re
RCa,https://liquipedia.net/rainbowsix/RazaH_Company_Academy
REDGROOVE,https://liquipedia.net/rainbowsix/REDGROOVE
RF,https://liquipedia.net/rainbowsix/ROOM_FACTORY
RGE,https://liquipedia.net/rainbowsix/Rogue
RICK,https://liquipedia.net/rainbowsix/RICK
RIN,https://liquipedia.net/rainbowsix/RIN
RaFaLe,https://liquipedia.net/rainbowsix/RaFaLe
RaNger,https://liquipedia.net/rainbowsix/RaNger
Rafa,https://liquipedia.net/rainbowsix/Rafa
RafadeLL,https://liquipedia.net/rainbowsix/RafadeLL
Ragn4r,https://liquipedia.net/rainbowsix/Ragn4r
Ramalho,https://liquipedia.net/rainbowsix/Ramalho
Rampy,https://liquipedia.net/rainbowsix/Rampy
Ramu,https://liquipedia.net/rainbowsix/Ramu
RandoSando,https://liquipedia.net/rainbowsix/RandoSando
Rappz,https://liquipedia.net/rainbowsix/Rappz
Rask,https://liquipedia.net/rainbowsix/Rask
Ray,https://liquipedia.net/rainbowsix/Ray
RayzerGM,https://liquipedia.net/rainbowsix/RayzerGM
Rcuth,https://liquipedia.net/rainbowsix/Rcuth
Reaper,https://liquipedia.net/rainbowsix/Reaper
Rec,https://liquipedia.net/rainbowsix/Rec
RechoTZ,https://liquipedia.net/rainbowsix/RechoTZ
Redeemer,https://liquipedia.net/rainbowsix/Redeemer
Reeps96,https://liquipedia.net/rainbowsix/Reeps96
Renshiro,https://liquipedia.net/rainbowsix/Renshiro
Rento,https://liquipedia.net/rainbowsix/Rento
Renuilz,https://liquipedia.net/rainbowsix/Renuilz
Retro,https://liquipedia.net/rainbowsix/Retro
RevaN,https://liquipedia.net/rainbowsix/RevaN
Reveck,https://liquipedia.net/rainbowsix/Reveck
Revo1Tz,https://liquipedia.net/rainbowsix/Revo1Tz
Rexen,https://liquipedia.net/rainbowsix/Rexen
ReyCyil,https://liquipedia.net/rainbowsix/ReyCyil
Rider,https://liquipedia.net/rainbowsix/Rider
Rixx,https://liquipedia.net/rainbowsix/Rixx
RizRaz,https://liquipedia.net/rainbowsix/RizRaz
Robby,https://liquipedia.net/rainbowsix/Robby
Robz,https://liquipedia.net/rainbowsix/Robz
Rogue,https://liquipedia.net/rainbowsix/Rogue
Romeo,https://liquipedia.net/rainbowsix/Romeo_(Brazilian_player)
Rovi,https://liquipedia.net/rainbowsix/Rovi
RoyBoy,https://liquipedia.net/rainbowsix/RoyBoy
RuMaTick,https://liquipedia.net/rainbowsix/RuMaTick
Runner,https://liquipedia.net/rainbowsix/Runner
Ryce,https://liquipedia.net/rainbowsix/Ryce
Ryke,https://liquipedia.net/rainbowsix/Ryke
SBXG,https://liquipedia.net/rainbowsix/SANDBOX_Gaming
SCARZ,https://liquipedia.net/rainbowsix/SCARZ
SHA77E,https://liquipedia.net/rainbowsix/SHA77E
SHADOW,https://liquipedia.net/rainbowsix/SHADOW
SHATTE,https://liquipedia.net/rainbowsix/SHA77E
SKaDinha,https://liquipedia.net/rainbowsix/SKaDinha
SQ,https://liquipedia.net/rainbowsix/Soniqs
SR,https://liquipedia.net/rainbowsix/Shopify_Rebellion
SRSLy,https://liquipedia.net/rainbowsix/SRSLy
SSG,https://liquipedia.net/rainbowsix/Spacestation_Gaming
SZ,https://liquipedia.net/rainbowsix/SCARZ
Saethus,https://liquipedia.net/rainbowsix/Saethus
Safe,https://liquipedia.net/rainbowsix/Safe
Sageon,https://liquipedia.net/rainbowsix/Sageon
Sam,https://liquipedia.net/rainbowsix/Sam
SamE,https://liquipedia.net/rainbowsix/SamE
Santa,https://liquipedia.net/rainbowsix/Santa
Sapper,https://liquipedia.net/rainbowsix/Sapper
Sarks,https://liquipedia.net/rainbowsix/Sarks
Sasha,https://liquipedia.net/rainbowsix/Sasha
Savage,https://liquipedia.net/rainbowsix/Savage
Saves,https://liquipedia.net/rainbowsix/Saves
Sayochan,https://liquipedia.net/rainbowsix/Sayochan
Scatto,https://liquipedia.net/rainbowsix/Scatto
Schmiddy,https://liquipedia.net/rainbowsix/Schmiddy
Scyther,https://liquipedia.net/rainbowsix/Scyther
SeaDea,https://liquipedia.net/rainbowsix/SeaDea
Secretly,https://liquipedia.net/rainbowsix/Secretly
Semper,https://liquipedia.net/rainbowsix/Semper
Sensi,https://liquipedia.net/rainbowsix/Sensi
Sepi,https://liquipedia.net/rainbowsix/Sepi
Shaiiko,https://liquipedia.net/rainbowsix/Shaiiko
Shas,https://liquipedia.net/rainbowsix/Shas
Shas[O]Udas,https://liquipedia.net/rainbowsix/Shas(O)Udas
Shed,https://liquipedia.net/rainbowsix/Shed
ShepparD,https://liquipedia.net/rainbowsix/ShepparD
ShiN,https://liquipedia.net/rainbowsix/ShiN
Shiinka,https://liquipedia.net/rainbowsix/Shiinka
Shockwave,https://liquipedia.net/rainbowsix/Shockwave
Shokei,https://liquipedia.net/rainbowsix/Shokei
ShooTeX,https://liquipedia.net/rainbowsix/ShooTeX
ShuReap,https://liquipedia.net/rainbowsix/ShuReap
Shuttle,https://liquipedia.net/rainbowsix/Shuttle
Silence,https://liquipedia.net/rainbowsix/Silence
Silent,https://liquipedia.net/rainbowsix/Silent_(American_player)
SirBoss,https://liquipedia.net/rainbowsix/SirBoss
Sironeko,https://liquipedia.net/rainbowsix/Sironeko
SkMzY,https://liquipedia.net/rainbowsix/SkMzY
Sketchy,https://liquipedia.net/rainbowsix/Sketchy
Skys,https://liquipedia.net/rainbowsix/Skys
Skyscraper,https://liquipedia.net/rainbowsix/Skyscraper
Slashug,https://liquipedia.net/rainbowsix/Slashug
Slater,https://liquipedia.net/rainbowsix/Slater
SlebbeN,https://liquipedia.net/rainbowsix/SlebbeN
Sleepy,https://liquipedia.net/rainbowsix/Sleepy
Sloth,https://liquipedia.net/rainbowsix/Sloth
Snake,https://liquipedia.net/rainbowsix/Snake
Snake_Nade,https://liquipedia.net/rainbowsix/Snake_Nade
Sneepy,https://liquipedia.net/rainbowsix/Sneepy
Snowy,https://liquipedia.net/rainbowsix/Snowy
Soco,https://liquipedia.net/rainbowsix/Soco
Soldier,https://liquipedia.net/rainbowsix/Soldier
Solotov,https://liquipedia.net/rainbowsix/Solotov
Sonar,https://liquipedia.net/rainbowsix/Sonar
Songla,https://liquipedia.net/rainbowsix/Songla
Soniqs,https://liquipedia.net/rainbowsix/Soniqs
Souffle,https://liquipedia.net/rainbowsix/Souffle
Soulz1,https://liquipedia.net/rainbowsix/Soulz1
Sov,https://liquipedia.net/rainbowsix/Sov
SpaceHead,https://liquipedia.net/rainbowsix/HealthcareOG
Spark,https://liquipedia.net/rainbowsix/Spark
Sparky,https://liquipedia.net/rainbowsix/Sparky
Sparxo,https://liquipedia.net/rainbowsix/Sparxo
SpawNsss,https://liquipedia.net/rainbowsix/SpawNsss
SpeakEasy,https://liquipedia.net/rainbowsix/SpeakEasy
Spiff,https://liquipedia.net/rainbowsix/Spiff
Spiker,https://liquipedia.net/rainbowsix/Spiker
Spiritz,https://liquipedia.net/rainbowsix/Spiritz
Spoit,https://liquipedia.net/rainbowsix/Spoit
Starosvitskiy,https://liquipedia.net/rainbowsix/Starosvitskiy
Static,https://liquipedia.net/rainbowsix/Static
Stk,https://liquipedia.net/rainbowsix/Stk
Stooflex,https://liquipedia.net/rainbowsix/Stooflex
Sua,https://liquipedia.net/rainbowsix/Sua
SummerRain,https://liquipedia.net/rainbowsix/SummerRain
Sunan,https://liquipedia.net/rainbowsix/Sunan
Supremacy,https://liquipedia.net/rainbowsix/Supremacy
Surf,https://liquipedia.net/rainbowsix/Surf
SuzuC,https://liquipedia.net/rainbowsix/SuzuC
Sweater,https://liquipedia.net/rainbowsix/Sweater
SweetBlack,https://liquipedia.net/rainbowsix/SweetBlack
Sy,https://liquipedia.net/rainbowsix/Supremacy
SyAIL,https://liquipedia.net/rainbowsix/SyAIL
TSM,https://liquipedia.net/rainbowsix/TSM
Taiyou,https://liquipedia.net/rainbowsix/Taiyou
Taka,https://liquipedia.net/rainbowsix/Taka
Tapis,https://liquipedia.net/rainbowsix/Tapis
TchubZ,https://liquipedia.net/rainbowsix/TchubZ
Terdsta,https://liquipedia.net/rainbowsix/Terdsta
Tex,https://liquipedia.net/rainbowsix/Tex
TheRealestRussian,https://liquipedia.net/rainbowsix/TheRealestRussian
ThinkingNade,https://liquipedia.net/rainbowsix/Thinkingnade
Thumperr,https://liquipedia.net/rainbowsix/Thumperr
Thyy,https://liquipedia.net/rainbowsix/Thyy
Tiseis,https://liquipedia.net/rainbowsix/Tiseis
Titan,https://liquipedia.net/rainbowsix/Titan
Todd,https://liquipedia.net/rainbowsix/Todd
Tolji,https://liquipedia.net/rainbowsix/Tolji
TomHagen,https://liquipedia.net/rainbowsix/TomHagen
Toski,https://liquipedia.net/rainbowsix/Toski
Tr1ixd,https://liquipedia.net/rainbowsix/Tr1ixd
Tribizzle,https://liquipedia.net/rainbowsix/Tribizzle
Tristan,https://liquipedia.net/rainbowsix/Tristan
Tucci,https://liquipedia.net/rainbowsix/Tucci
Tucu,https://liquipedia.net/rainbowsix/Tucu
Twiistz,https://liquipedia.net/rainbowsix/Twiistz
Twister,https://liquipedia.net/rainbowsix/Twister
Tyopi,https://liquipedia.net/rainbowsix/Tyopi
Tyrant,https://liquipedia.net/rainbowsix/Tyrant
UUNO,https://liquipedia.net/rainbowsix/UUNO
UW,https://liquipedia.net/rainbowsix/Unwanted
Uknow,https://liquipedia.net/rainbowsix/Uknow
Unit,https://liquipedia.net/rainbowsix/Unit
Unwanted,https://liquipedia.net/rainbowsix/Unwanted
VAshizuku,https://liquipedia.net/rainbowsix/VAshizuku
VBM,https://liquipedia.net/rainbowsix/VBM
VITAKING,https://liquipedia.net/rainbowsix/VITAKING
VP,https://liquipedia.net/rainbowsix/Virtus.pro
Valantino,https://liquipedia.net/rainbowsix/Valantino
Vale,https://liquipedia.net/rainbowsix/Vale
Vapo,https://liquipedia.net/rainbowsix/Vapo
Veras1,https://liquipedia.net/rainbowsix/Veras1
Vertcl,https://liquipedia.net/rainbowsix/Vertcl
ViKiNG,https://liquipedia.net/rainbowsix/ViKiNG
Villa,https://liquipedia.net/rainbowsix/Villa
Vincere,https://liquipedia.net/rainbowsix/Vincere
Virtue,https://liquipedia.net/rainbowsix/Virtue
Virtus.pro,https://liquipedia.net/rainbowsix/Virtus.pro
Vittzzz,https://liquipedia.net/rainbowsix/Vittzzz
Vivas,https://liquipedia.net/rainbowsix/Vivas
Vivid,https://liquipedia.net/rainbowsix/Vivid
Voy,https://liquipedia.net/rainbowsix/Voy
WOL,https://liquipedia.net/rainbowsix/Wolves_Esports
WYLDE,https://liquipedia.net/rainbowsix/WYLDE
WaZo,https://liquipedia.net/rainbowsix/WaZo
Waiffer,https://liquipedia.net/rainbowsix/Waiffer
WarTurtle,https://liquipedia.net/rainbowsix/WarTurtle
Wettables,https://liquipedia.net/rainbowsix/Wettables
Wh1skey,https://liquipedia.net/rainbowsix/Wh1skey
Wifi,https://liquipedia.net/rainbowsix/Wifi
Wildcard,https://liquipedia.net/rainbowsix/Wildcard
Willkey,https://liquipedia.net/rainbowsix/Willkey
Wizard,https://liquipedia.net/rainbowsix/Wizard
Wokka,https://liquipedia.net/rainbowsix/Wokka
Woogiman,https://liquipedia.net/rainbowsix/Woogiman
Worthy,https://liquipedia.net/rainbowsix/Worthy
Wplly,https://liquipedia.net/rainbowsix/Wplly
Wqsyo1,https://liquipedia.net/rainbowsix/Wqsyo1
X.Ke,https://liquipedia.net/rainbowsix/X.Ke
XQQ,https://liquipedia.net/rainbowsix/XQQ
XSET,https://liquipedia.net/rainbowsix/XSET
YaGo,https://liquipedia.net/rainbowsix/YaGo
YeaH,https://liquipedia.net/rainbowsix/YeaH!_Gaming
Yeti,https://liquipedia.net/rainbowsix/Yeti
Yoggah,https://liquipedia.net/rainbowsix/Yoggah
YongFa,https://liquipedia.net/rainbowsix/YongFa
YoshiNNGO,https://liquipedia.net/rainbowsix/YoshiNNGO
Ysaera,https://liquipedia.net/rainbowsix/Ysaera
YuKiz,https://liquipedia.net/rainbowsix/YuKiz
Yung,https://liquipedia.net/rainbowsix/Yung
Yuuk,https://liquipedia.net/rainbowsix/Yuuk
Yuzus,https://liquipedia.net/rainbowsix/Yuzus
ZephiR,https://liquipedia.net/rainbowsix/ZephiR
Zeus,https://liquipedia.net/rainbowsix/Zeus
Zheka,https://liquipedia.net/rainbowsix/Zheka
aEnde,https://liquipedia.net/rainbowsix/AEnde
amenbo,https://liquipedia.net/rainbowsix/Amenbo
b1ologic,https://liquipedia.net/rainbowsix/B1ologic
baroz,https://liquipedia.net/rainbowsix/Baroz
bbySharKK,https://liquipedia.net/rainbowsix/BbySharKK
beastcoast,https://liquipedia.net/rainbowsix/Beastcoast
bennett,https://liquipedia.net/rainbowsix/Bennett
blas,https://liquipedia.net/rainbowsix/Blas
blk,https://liquipedia.net/rainbowsix/Blk
bor,https://liquipedia.net/rainbowsix/Bor
bullet1,https://liquipedia.net/rainbowsix/Bullet1
cameram4n,https://liquipedia.net/rainbowsix/Cameram4n
chOi,https://liquipedia.net/rainbowsix/ChOi
coted,https://liquipedia.net/rainbowsix/Coted
cryn,https://liquipedia.net/rainbowsix/Cryn
d4sh,https://liquipedia.net/rainbowsix/D4sh
dan,https://liquipedia.net/rainbowsix/Dan
davil,https://liquipedia.net/rainbowsix/Davil
dfuzr,https://liquipedia.net/rainbowsix/Dfuzr
dmaly,https://liquipedia.net/rainbowsix/Dmaly
eCentral,https://liquipedia.net/rainbowsix/ECentral
eRa,https://liquipedia.net/rainbowsix/ERa_Eternity
eaglemees,https://liquipedia.net/rainbowsix/Eaglemees
ech0,https://liquipedia.net/rainbowsix/Ech0
eiNs,https://liquipedia.net/rainbowsix/EiNs
ezpzlmnsqz,https://liquipedia.net/rainbowsix/Ezpzlmnsqz
febar,https://liquipedia.net/rainbowsix/Febar
fiskeR,https://liquipedia.net/rainbowsix/FiskeR
fk1,https://liquipedia.net/rainbowsix/Fk1
forZe,https://liquipedia.net/rainbowsix/ForZe
freezao,https://liquipedia.net/rainbowsix/Freezao
gCR,https://liquipedia.net/rainbowsix/GCR
gatorada,https://liquipedia.net/rainbowsix/Gatorada
ghost1,https://liquipedia.net/rainbowsix/Ghost1
gohaN,https://liquipedia.net/rainbowsix/GohaN
h1ghs,https://liquipedia.net/rainbowsix/H1ghs
h3dy,https://liquipedia.net/rainbowsix/H3dy
hugzord,https://liquipedia.net/rainbowsix/Hugzord
i9,https://liquipedia.net/rainbowsix/I9
iG.International,https://liquipedia.net/rainbowsix/Invictus_Gaming_International
iNSOMNiA,https://liquipedia.net/rainbowsix/INSOMNiA
iconic,https://liquipedia.net/rainbowsix/Iconic
igoorctg,https://liquipedia.net/rainbowsix/Igoorctg
ion,https://liquipedia.net/rainbowsix/Ion
jNSzki,https://liquipedia.net/rainbowsix/JNSzki
jOONAS,https://liquipedia.net/rainbowsix/JOONAS
jahk,https://liquipedia.net/rainbowsix/Jahk
jlaDD,https://liquipedia.net/rainbowsix/Jlad
jobro,https://liquipedia.net/rainbowsix/Jobro
jrdn,https://liquipedia.net/rainbowsix/Jrdn
jume,https://liquipedia.net/rainbowsix/Jume
kanzen,https://liquipedia.net/rainbowsix/Kanzen
karzheka,https://liquipedia.net/rainbowsix/Karzheka
kizoku,https://liquipedia.net/rainbowsix/Kizoku
kondz,https://liquipedia.net/rainbowsix/Kondz
leacharls,https://liquipedia.net/rainbowsix/Leacharls
live,https://liquipedia.net/rainbowsix/Live
m1loN,https://liquipedia.net/rainbowsix/M1loN
mantis,https://liquipedia.net/rainbowsix/Mantis_FPS
mav,https://liquipedia.net/rainbowsix/Mav
mcunha,https://liquipedia.net/rainbowsix/Mcunha
meepeY,https://liquipedia.net/rainbowsix/MeepeY
nade,https://liquipedia.net/rainbowsix/Nade
naka,https://liquipedia.net/rainbowsix/Naka
nanoKidz,https://liquipedia.net/rainbowsix/NanoKidz
neLo,https://liquipedia.net/rainbowsix/NeLo
ninexT,https://liquipedia.net/rainbowsix/NinexT
njr,https://liquipedia.net/rainbowsix/Njr
nudl,https://liquipedia.net/rainbowsix/Nudl
nvK,https://liquipedia.net/rainbowsix/NvK
oKillz,https://liquipedia.net/rainbowsix/Okillz
oNe,https://liquipedia.net/rainbowsix/ONe
oft0nn,https://liquipedia.net/rainbowsix/Oft0nn
ooziie,https://liquipedia.net/rainbowsix/Ooziie
p0Lo,https://liquipedia.net/rainbowsix/P0Lo
p4sh4,https://liquipedia.net/rainbowsix/P4sh4
pB,https://liquipedia.net/rainbowsix/Parabellum_Esports
pX,https://liquipedia.net/rainbowsix/PX
pannari,https://liquipedia.net/rainbowsix/Pannari
pino,https://liquipedia.net/rainbowsix/Pino
prototype_1z,https://liquipedia.net/rainbowsix/Prototype_1z
psk1,https://liquipedia.net/rainbowsix/Psk1
pzd,https://liquipedia.net/rainbowsix/Pzd
r0usty,https://liquipedia.net/rainbowsix/R0usty
reduct,https://liquipedia.net/rainbowsix/Reduct
resetz,https://liquipedia.net/rainbowsix/Resetz
rhZ,https://liquipedia.net/rainbowsix/RhZ
ripz,https://liquipedia.net/rainbowsix/Ripz
risze,https://liquipedia.net/rainbowsix/Risze
rxwd,https://liquipedia.net/rainbowsix/Rxwd
sTiZze,https://liquipedia.net/rainbowsix/STiZze
saeyeora,https://liquipedia.net/rainbowsix/Saeyeora
sno0ken,https://liquipedia.net/rainbowsix/Sno0ken
sprOnigiri,https://liquipedia.net/rainbowsix/SprOnigiri
supr,https://liquipedia.net/rainbowsix/Supr
syliX,https://liquipedia.net/rainbowsix/SyliX
tgk,https://liquipedia.net/rainbowsix/Tgk
thug,https://liquipedia.net/rainbowsix/Thug
vandal,https://liquipedia.net/rainbowsix/Vandal
volpz,https://liquipedia.net/rainbowsix/Volpz
w7m,https://liquipedia.net/rainbowsix/W7m_esports
wTg,https://liquipedia.net/rainbowsix/WTg
wag,https://liquipedia.net/rainbowsix/Wag
weskeRR,https://liquipedia.net/rainbowsix/WeskeRR
wrath,https://liquipedia.net/rainbowsix/Wrath
xS3xyCake,https://liquipedia.net/rainbowsix/XS3xyCake
yass,https://liquipedia.net/rainbowsix/Yass
yoona,https://liquipedia.net/rainbowsix/Yoona
ziG,https://liquipedia.net/rainbowsix/ZiG
zilchy,https://liquipedia.net/rainbowsix/Zilchy
zphyrK,https://liquipedia.net/rainbowsix/ZphyrK
